nextflow.exception.ScriptCompilationException;true;1;out1694830954717.nf;
groovy.lang.MissingPropertyException;true;1;out1694830958266.nf;
groovy.lang.MissingPropertyException;true;2;out1694830959522.nf;
nextflow.exception.AbortRunException;true;1;out1694830960109.nf;
groovy.lang.MissingPropertyException;true;3;out1694830962612.nf;
nextflow.exception.ScriptCompilationException;true;2;out1694830963308.nf;
nextflow.exception.DuplicateProcessInvocation;true;1;out1694830963835.nf;
groovy.lang.MissingPropertyException;true;4;out1694830964556.nf;
nextflow.exception.ScriptCompilationException;true;3;out1694830965316.nf;
groovy.lang.MissingPropertyException;true;5;out1694830966050.nf;
nextflow.exception.ScriptCompilationException;true;4;out1694830968418.nf;
nextflow.exception.ScriptCompilationException;true;5;out1694830968778.nf;
groovy.lang.MissingPropertyException;true;6;out1694830969068.nf;
groovy.lang.MissingPropertyException;true;7;out1694830969505.nf;
nextflow.exception.ScriptCompilationException;true;6;out1694830969907.nf;
groovy.lang.MissingPropertyException;true;8;out1694830970369.nf;
groovy.lang.MissingPropertyException;true;9;out1694830971545.nf;
groovy.lang.MissingPropertyException;true;10;out1694830971968.nf;
groovy.lang.MissingPropertyException;true;11;out1694830972235.nf;
groovy.lang.MissingPropertyException;true;12;out1694830972532.nf;
groovy.lang.MissingPropertyException;true;13;out1694830972869.nf;
groovy.lang.MissingPropertyException;true;14;out1694830973116.nf;
groovy.lang.MissingPropertyException;true;15;out1694830973415.nf;
groovy.lang.MissingPropertyException;true;16;out1694830974259.nf;
groovy.lang.MissingPropertyException;true;17;out1694831002542.nf;
groovy.lang.MissingPropertyException;true;18;out1694831002780.nf;
groovy.lang.MissingPropertyException;true;19;out1694831003218.nf;
nextflow.exception.ScriptCompilationException;true;7;out1694831003493.nf;
groovy.lang.MissingPropertyException;true;20;out1694831003759.nf;
groovy.lang.MissingPropertyException;true;21;out1694831004010.nf;
groovy.lang.MissingPropertyException;true;22;out1694831004265.nf;
nextflow.exception.DuplicateProcessInvocation;true;2;out1694831004534.nf;
groovy.lang.MissingPropertyException;true;23;out1694831004785.nf;
nextflow.exception.ScriptCompilationException;true;8;out1694831005083.nf;
groovy.lang.MissingPropertyException;true;24;out1694831005373.nf;
groovy.lang.MissingPropertyException;true;25;out1694831005633.nf;
groovy.lang.MissingPropertyException;true;26;out1694831005908.nf;
groovy.lang.MissingPropertyException;true;27;out1694831006356.nf;
groovy.lang.MissingPropertyException;true;28;out1694831006641.nf;
groovy.lang.MissingPropertyException;true;29;out1694831006878.nf;
groovy.lang.MissingPropertyException;true;30;out1694831007149.nf;
nextflow.exception.ScriptCompilationException;true;9;out1694831007434.nf;
groovy.lang.MissingPropertyException;true;31;out1694831012779.nf;
groovy.lang.MissingPropertyException;true;32;out1694831013118.nf;
groovy.lang.MissingPropertyException;true;33;out1694831013353.nf;
groovy.lang.MissingPropertyException;true;34;out1694831013624.nf;
groovy.lang.MissingPropertyException;true;35;out1694831013915.nf;
groovy.lang.MissingPropertyException;true;36;out1694831014163.nf;
groovy.lang.MissingPropertyException;true;37;out1694831014473.nf;
groovy.lang.MissingPropertyException;true;38;out1694831014778.nf;
groovy.lang.MissingPropertyException;true;39;out1694831015077.nf;
groovy.lang.MissingPropertyException;true;40;out1694831015338.nf;
groovy.lang.MissingPropertyException;true;41;out1694831015603.nf;
groovy.lang.MissingPropertyException;true;42;out1694831015843.nf;
groovy.lang.MissingPropertyException;true;43;out1694831016277.nf;
groovy.lang.MissingPropertyException;true;44;out1694831016525.nf;
groovy.lang.MissingPropertyException;true;45;out1694831017023.nf;
groovy.lang.MissingPropertyException;true;46;out1694831017366.nf;
groovy.lang.MissingPropertyException;true;47;out1694831017674.nf;
nextflow.exception.ScriptCompilationException;true;10;out1694831017927.nf;
groovy.lang.MissingPropertyException;true;48;out1694831025661.nf;
groovy.lang.MissingPropertyException;true;49;out1694831025907.nf;
groovy.lang.MissingPropertyException;true;50;out1694831026155.nf;
nextflow.exception.DuplicateProcessInvocation;true;3;out1694831026531.nf;
groovy.lang.MissingPropertyException;true;51;out1694831026811.nf;
groovy.lang.MissingPropertyException;true;52;out1694831027326.nf;
nextflow.exception.ScriptCompilationException;true;11;out1694831027671.nf;
groovy.lang.MissingPropertyException;true;53;out1694831027919.nf;
groovy.lang.MissingPropertyException;true;54;out1694831028207.nf;
groovy.lang.MissingPropertyException;true;55;out1694831028579.nf;
nextflow.exception.ScriptCompilationException;true;12;out1694831028846.nf;
groovy.lang.MissingPropertyException;true;56;out1694831029079.nf;
groovy.lang.MissingPropertyException;true;57;out1694831029335.nf;
nextflow.exception.DuplicateProcessInvocation;true;4;out1694831029652.nf;
groovy.lang.MissingPropertyException;true;58;out1694831029942.nf;
groovy.lang.MissingPropertyException;true;59;out1694831030764.nf;
groovy.lang.MissingPropertyException;true;60;out1694831031099.nf;
nextflow.exception.ScriptCompilationException;true;13;out1694831031609.nf;
groovy.lang.MissingPropertyException;true;61;out1694831031675.nf;
nextflow.exception.ScriptCompilationException;true;14;out1694831032059.nf;
nextflow.exception.ScriptCompilationException;true;15;out1694831032313.nf;
nextflow.exception.ScriptCompilationException;true;16;out1694831032619.nf;
nextflow.exception.DuplicateProcessInvocation;true;5;out1694831032884.nf;
groovy.lang.MissingPropertyException;true;62;out1694831033230.nf;
groovy.lang.MissingPropertyException;true;63;out1694831033515.nf;
nextflow.exception.ScriptCompilationException;true;17;out1694831033842.nf;
groovy.lang.MissingPropertyException;true;64;out1694831034029.nf;
groovy.lang.MissingPropertyException;true;65;out1694831034336.nf;
nextflow.exception.DuplicateProcessInvocation;true;6;out1694831034664.nf;
groovy.lang.MissingPropertyException;true;66;out1694831035018.nf;
nextflow.exception.DuplicateProcessInvocation;true;7;out1694831035343.nf;
groovy.lang.MissingPropertyException;true;67;out1694831036101.nf;
groovy.lang.MissingPropertyException;true;68;out1694831036410.nf;
groovy.lang.MissingPropertyException;true;69;out1694831036998.nf;
groovy.lang.MissingPropertyException;true;70;out1694831037421.nf;
nextflow.exception.ScriptCompilationException;true;18;out1694831038126.nf;
nextflow.exception.ScriptCompilationException;true;19;out1694831038553.nf;
groovy.lang.MissingPropertyException;true;71;out1694831038875.nf;
nextflow.exception.ScriptCompilationException;true;20;out1694831039208.nf;
groovy.lang.MissingPropertyException;true;72;out1694831039565.nf;
groovy.lang.MissingPropertyException;true;73;out1694831040028.nf;
nextflow.exception.DuplicateProcessInvocation;true;8;out1694831040519.nf;
groovy.lang.MissingPropertyException;true;74;out1694831041019.nf;
groovy.lang.MissingPropertyException;true;75;out1694831041354.nf;
groovy.lang.MissingPropertyException;true;76;out1694831041720.nf;
nextflow.exception.ScriptCompilationException;true;21;out1694831041965.nf;
groovy.lang.MissingPropertyException;true;77;out1694831042256.nf;
nextflow.exception.ScriptCompilationException;true;22;out1694831042816.nf;
nextflow.exception.DuplicateProcessInvocation;true;9;out1694831043108.nf;
groovy.lang.MissingPropertyException;true;78;out1694831043428.nf;
groovy.lang.MissingPropertyException;true;79;out1694831043720.nf;
nextflow.exception.ScriptCompilationException;true;23;out1694831044235.nf;
groovy.lang.MissingPropertyException;true;80;out1694831044435.nf;
groovy.lang.MissingPropertyException;true;81;out1694831045068.nf;
groovy.lang.MissingPropertyException;true;82;out1694831045531.nf;
groovy.lang.MissingPropertyException;true;83;out1694831045801.nf;
groovy.lang.MissingPropertyException;true;84;out1694831046733.nf;
nextflow.exception.ScriptCompilationException;true;24;out1694831047173.nf;
nextflow.exception.ScriptCompilationException;true;25;out1694831047638.nf;
groovy.lang.MissingPropertyException;true;85;out1694831047883.nf;
groovy.lang.MissingPropertyException;true;86;out1694831056260.nf;
groovy.lang.MissingPropertyException;true;87;out1694831092635.nf;
groovy.lang.MissingPropertyException;true;88;out1694831098077.nf;
nextflow.exception.ScriptCompilationException;true;26;out1694831100563.nf;
groovy.lang.MissingPropertyException;false;89;out1694831126570.nf;
groovy.lang.MissingPropertyException;true;90;out1694831135890.nf;
nextflow.exception.DuplicateProcessInvocation;true;10;out1694831162987.nf;
nextflow.exception.DuplicateProcessInvocation;true;11;out1694831168382.nf;
groovy.lang.MissingPropertyException;true;91;out1694831187031.nf;
groovy.lang.MissingPropertyException;true;92;out1694831229344.nf;
groovy.lang.MissingPropertyException;true;93;out1694831240279.nf;
groovy.lang.MissingPropertyException;true;94;out1694831264940.nf;
groovy.lang.MissingPropertyException;false;95;out1694831268684.nf;
nextflow.exception.ScriptCompilationException;true;27;out1694831293346.nf;
groovy.lang.MissingPropertyException;false;96;out1694831310425.nf;
groovy.lang.MissingPropertyException;false;97;out1694831311333.nf;
groovy.lang.MissingPropertyException;false;98;out1694831360593.nf;
groovy.lang.MissingPropertyException;false;99;out1694831390419.nf;
groovy.lang.MissingPropertyException;false;100;out1694831404379.nf;
groovy.lang.MissingPropertyException;true;101;out1694831441941.nf;
groovy.lang.MissingPropertyException;true;102;out1694831442734.nf;
groovy.lang.MissingPropertyException;true;103;out1694831443941.nf;
nextflow.exception.ScriptCompilationException;true;28;out1694831444456.nf;
groovy.lang.MissingPropertyException;true;104;out1694831448062.nf;
groovy.lang.MissingPropertyException;true;105;out1694831449984.nf;
groovy.lang.MissingPropertyException;true;106;out1694831451537.nf;
nextflow.exception.ScriptCompilationException;true;29;out1694831454872.nf;
nextflow.exception.ScriptCompilationException;true;30;out1694831455936.nf;
groovy.lang.MissingPropertyException;true;107;out1694831458256.nf;
nextflow.exception.ScriptCompilationException;true;31;out1694831462667.nf;
groovy.lang.MissingPropertyException;true;108;out1694831465835.nf;
groovy.lang.MissingPropertyException;true;109;out1694831466686.nf;
groovy.lang.MissingPropertyException;true;110;out1694831467837.nf;
nextflow.exception.ScriptCompilationException;true;32;out1694831468914.nf;
groovy.lang.MissingPropertyException;true;111;out1694831469396.nf;
groovy.lang.MissingPropertyException;true;112;out1694831470249.nf;
groovy.lang.MissingPropertyException;true;113;out1694831470755.nf;
groovy.lang.MissingPropertyException;true;114;out1694831471661.nf;
groovy.lang.MissingPropertyException;true;115;out1694831472797.nf;
nextflow.exception.DuplicateProcessInvocation;true;12;out1694831475763.nf;
nextflow.exception.ScriptCompilationException;true;33;out1694831478881.nf;
nextflow.exception.ScriptCompilationException;true;34;out1694831480854.nf;
groovy.lang.MissingPropertyException;true;116;out1694831482875.nf;
groovy.lang.MissingPropertyException;true;117;out1694831486809.nf;
groovy.lang.MissingPropertyException;true;118;out1694831488778.nf;
groovy.lang.MissingPropertyException;true;119;out1694831493521.nf;
nextflow.exception.ScriptCompilationException;true;35;out1694831494399.nf;
nextflow.exception.DuplicateProcessInvocation;true;13;out1694831499344.nf;
groovy.lang.MissingPropertyException;true;120;out1694831502581.nf;
groovy.lang.MissingPropertyException;true;121;out1694831506094.nf;
groovy.lang.MissingPropertyException;true;122;out1694831508117.nf;
nextflow.exception.DuplicateProcessInvocation;true;14;out1694831508597.nf;
groovy.lang.MissingPropertyException;true;123;out1694831512032.nf;
nextflow.exception.DuplicateProcessInvocation;true;15;out1694831540719.nf;
groovy.lang.MissingPropertyException;true;124;out1694831594221.nf;
groovy.lang.MissingPropertyException;true;125;out1694831646254.nf;
groovy.lang.MissingPropertyException;true;126;out1694831703671.nf;
groovy.lang.MissingPropertyException;true;127;out1694831724698.nf;
groovy.lang.MissingPropertyException;true;128;out1694831759404.nf;
groovy.lang.MissingPropertyException;true;129;out1694831769270.nf;
groovy.lang.MissingPropertyException;true;130;out1694831856784.nf;
groovy.lang.MissingPropertyException;true;131;out1694831857419.nf;
groovy.lang.MissingPropertyException;true;132;out1694831934932.nf;
groovy.lang.MissingPropertyException;false;133;out1694831986123.nf;
nextflow.exception.DuplicateProcessInvocation;true;16;out1694832156267.nf;
nextflow.exception.ScriptCompilationException;true;36;out1694832182642.nf;
nextflow.exception.DuplicateProcessInvocation;true;17;out1694832337343.nf;
nextflow.exception.DuplicateProcessInvocation;false;18;out1694832439537.nf;
groovy.lang.MissingPropertyException;false;134;out1694832826522.nf;
groovy.lang.MissingPropertyException;true;135;out1694832854676.nf;
nextflow.exception.ScriptCompilationException;true;37;out1694833107591.nf;
nextflow.exception.ScriptCompilationException;true;38;out1694833208764.nf;
groovy.lang.MissingPropertyException;true;136;out1694833615820.nf;
groovy.lang.MissingPropertyException;true;137;out1694833868871.nf;
nextflow.exception.ScriptCompilationException;true;39;out1694834134666.nf;
groovy.lang.MissingPropertyException;true;138;out1694834201949.nf;
